id;filename;data;data_content_type
1;kosher;../fake-data/blob/hipster.png;image/png
2;escape jab some;../fake-data/blob/hipster.png;image/png
3;last insecure;../fake-data/blob/hipster.png;image/png
4;ugh far-flung;../fake-data/blob/hipster.png;image/png
5;agonizing er;../fake-data/blob/hipster.png;image/png
6;until;../fake-data/blob/hipster.png;image/png
7;overlooked dreamily gleefully;../fake-data/blob/hipster.png;image/png
8;yippee indeed;../fake-data/blob/hipster.png;image/png
9;yum recklessly;../fake-data/blob/hipster.png;image/png
10;career mark necessary;../fake-data/blob/hipster.png;image/png
